{"cameraMode":{"drawMode":0,"name":"Shaded","section":"Shading Mode"},"sceneLighting":false,"audioPlay":false,"sceneViewState":{"showFog":true,"showMaterialUpdate":false,"showSkybox":false,"showFlares":true,"showImageEffects":true,"showParticleSystems":true},"in2DMode":false,"pivot":{"x":18.610000610351564,"y":1.7304999828338624,"z":32.83000183105469},"rotation":{"x":0.22537465393543244,"y":-0.13250866532325746,"z":0.030956167727708818,"w":0.9647226929664612},"size":2.7612786293029787,"orthographic":true}