{"cameraMode":{"drawMode":0,"name":"Shaded","section":"Shading Mode"},"sceneLighting":false,"audioPlay":false,"sceneViewState":{"showFog":true,"showMaterialUpdate":false,"showSkybox":false,"showFlares":true,"showImageEffects":true,"showParticleSystems":true},"in2DMode":false,"pivot":{"x":15.720000267028809,"y":-49.83000183105469,"z":-1.090000033378601},"rotation":{"x":0.20549553632736207,"y":-0.6277204751968384,"z":0.17677167057991029,"w":0.729719877243042},"size":1.919623851776123,"orthographic":false}