{"cameraMode":{"drawMode":0,"name":"Shaded","section":"Shading Mode"},"sceneLighting":false,"audioPlay":false,"sceneViewState":{"showFog":true,"showMaterialUpdate":false,"showSkybox":false,"showFlares":true,"showImageEffects":true,"showParticleSystems":true},"in2DMode":false,"pivot":{"x":21.9052734375,"y":1.4638671875,"z":39.611328125},"rotation":{"x":0.00007400238246191293,"y":0.9997463822364807,"z":-0.022498294711112977,"w":0.0032951796893030407},"size":14.052581787109375,"orthographic":true}