{"cameraMode":{"drawMode":0,"name":"Shaded","section":"Shading Mode"},"sceneLighting":false,"audioPlay":false,"sceneViewState":{"showFog":true,"showMaterialUpdate":false,"showSkybox":false,"showFlares":true,"showImageEffects":true,"showParticleSystems":true},"in2DMode":false,"pivot":{"x":24.1299991607666,"y":1.814335823059082,"z":42.369998931884769},"rotation":{"x":0.22537465393543244,"y":-0.13250866532325746,"z":0.030956167727708818,"w":0.9647226929664612},"size":1.7445482015609742,"orthographic":true}