{"cameraMode":{"drawMode":0,"name":"Shaded","section":"Shading Mode"},"sceneLighting":false,"audioPlay":false,"sceneViewState":{"showFog":true,"showMaterialUpdate":false,"showSkybox":false,"showFlares":true,"showImageEffects":true,"showParticleSystems":true},"in2DMode":false,"pivot":{"x":-0.07246127724647522,"y":0.3988075256347656,"z":-0.690635085105896},"rotation":{"x":0.12305929511785507,"y":0.772236704826355,"z":-0.6030585169792175,"w":0.15758250653743745},"size":7.1759867668151859,"orthographic":false}