{"cameraMode":{"drawMode":0,"name":"Shaded","section":"Shading Mode"},"sceneLighting":false,"audioPlay":false,"sceneViewState":{"showFog":true,"showMaterialUpdate":false,"showSkybox":true,"showFlares":true,"showImageEffects":true,"showParticleSystems":true},"in2DMode":false,"pivot":{"x":6.476256370544434,"y":0.9233169555664063,"z":4.840066909790039},"rotation":{"x":-0.08098975569009781,"y":-0.9060131907463074,"z":0.36292755603790285,"w":-0.20221970975399018},"size":1.1865534782409669,"orthographic":false}