{"cameraMode":{"drawMode":0,"name":"Shaded","section":"Shading Mode"},"sceneLighting":false,"audioPlay":false,"sceneViewState":{"showFog":true,"showMaterialUpdate":false,"showSkybox":false,"showFlares":true,"showImageEffects":true,"showParticleSystems":true},"in2DMode":false,"pivot":{"x":28.5,"y":2.2474403381347658,"z":50.09000015258789},"rotation":{"x":0.22537465393543244,"y":-0.13250866532325746,"z":0.030956167727708818,"w":0.9647226929664612},"size":3.789368152618408,"orthographic":true}