{"cameraMode":{"drawMode":0,"name":"Shaded","section":"Shading Mode"},"sceneLighting":false,"audioPlay":false,"sceneViewState":{"showFog":true,"showMaterialUpdate":false,"showSkybox":false,"showFlares":true,"showImageEffects":true,"showParticleSystems":true},"in2DMode":false,"pivot":{"x":12.555572509765625,"y":4.076145172119141,"z":31.816743850708009},"rotation":{"x":0.13801614940166474,"y":0.7034009099006653,"z":-0.142220601439476,"w":0.6826084852218628},"size":5.148558139801025,"orthographic":false}